Index,MovieTitle
101,L.A. Confidential
102,For a Few Dollars More
103,3 Idiots
104,Rashomon
105,Scarface
106,The Apartment
107,Indiana Jones and the Last Crusade
108,The Hunt
109,A Separation
110,Metropolis
111,Good Will Hunting
112,All About Eve
113,Yojimbo
114,Batman Begins
115,The Treasure of the Sierra Madre
116,Some Like It Hot
117,Up
118,Unforgiven
119,Downfall
120,The Third Man
121,Raging Bull
122,Die Hard
123,Children of Heaven
124,The Great Escape
125,Heat
126,Chinatown
127,Inside Out
128,Pan's Labyrinth
129,Andaz Apna Apna
130,Ikiru
131,My Neighbor Totoro
132,On the Waterfront
133,Room
134,Ran
135,The Gold Rush
136,The Bandit
137,The Bridge on the River Kwai
138,The Secret in Their Eyes
139,A Wednesday
140,Mr. Smith Goes to Washington
141,Hera Pheri
142,Blade Runner
143,The Seventh Seal
144,Howl's Moving Castle
145,Lock
146,Casino
147,Judgment at Nuremberg
148,A Beautiful Mind
149,Wild Strawberries
150,The General
151,The Elephant Man
152,Incendies
153,Warrior
154,V for Vendetta
155,The Wolf of Wall Street
156,The Passion of Joan of Arc
157,Sunrise
158,Sholay
159,Munna Bhai M.B.B.S.
160,Rang De Basanti
161,Gran Torino
162,The Big Lebowski
163,Tokyo Story
164,Dial M for Murder
165,The Deer Hunter
166,Trainspotting
167,Gone with the Wind
168,Fargo
169,Finding Nemo
170,Rebecca
171,Cool Hand Luke
172,The Sixth Sense
173,The Thing
174,How to Train Your Dragon
175,No Country for Old Men
176,Star Wars: The Force Awakens
177,Into the Wild
178,Kill Bill: Vol. 1
179,Mary and Max
180,Gone Girl
181,Come and See
182,Drishyam
183,There Will Be Blood
184,It Happened One Night
185,Life of Brian
186,Rush
187,Hotel Rwanda
188,Platoon
189,Shutter Island
190,The Nights of Cabiria
191,Network
192,The Wages of Fear
193,Spotlight
194,In the Name of the Father
195,Stand by Me
196,Butch Cassidy and the Sundance Kid
197,The Maltese Falcon
198,Mad Max: Fury Road
199,The 400 Blows
200,Wild Tales
